tahun,harga_per_kg
2020,8958.728205128205
2021,8561.562130177515
2022,8853.807692307691
2023,10832.405882352941
2024,12419.538940809969
2025,12347.448275862069
