tahun,harga_per_kg
2020,10198.394886363636
2021,9984.17924528302
2022,10289.926380368099
2023,11991.229299363058
2024,13679.421052631578
2025,13617.324873096446
